{"cameraMode":{"drawMode":0,"name":"Shaded","section":"Shading Mode"},"sceneLighting":false,"audioPlay":false,"sceneViewState":{"showFog":true,"showMaterialUpdate":true,"showSkybox":false,"showFlares":true,"showImageEffects":true,"showParticleSystems":true},"in2DMode":false,"pivot":{"x":-0.09916925430297852,"y":2.0905818939208986,"z":9.613777160644532},"rotation":{"x":-0.2713623642921448,"y":0.37048715353012087,"z":-0.11412210762500763,"w":-0.8809540271759033},"size":39.09531021118164,"orthographic":false}